Dia,Inflacion,Tasa_interes,Precio_Dolar
1,6.457,6.764,4428.43
2,4.44,7.628,4059.96
3,7.126,10.512,4201.25
4,7.411,10.739,4361.4
5,3.073,7.125,3853.16
6,4.047,7.288,4188.58
7,6.192,8.937,4187.29
8,5.526,5.478,4272.28
9,5.975,7.6,4282.79
10,4.72,6.953,4067.01
11,7.319,7.565,4411.58
12,7.167,5.5,4636.36
13,6.099,4.139,4602.6
14,7.691,3.269,4799.62
15,6.701,4.989,4659.4
16,4.711,6.174,4306.38
17,6.553,6.472,4564.98
18,4.562,10.487,3915.2
19,7.318,8.991,4479.81
20,5.925,5.268,4311.0
21,5.723,7.626,4229.52
22,4.979,6.267,4185.42
23,7.834,6.488,4647.07
24,5.768,7.334,4241.55
25,5.358,8.115,4158.44
26,5.472,6.389,4465.55
27,6.798,8.915,4302.26
28,6.548,4.945,4611.93
29,6.619,7.011,4417.42
30,6.646,11.676,4096.72
31,9.212,7.402,4772.3
32,5.39,9.58,4109.7
33,5.232,7.165,4326.0
34,4.779,8.045,4235.6
35,6.924,6.898,4518.29
36,7.693,6.693,4664.49
37,5.829,5.597,4350.51
38,4.74,7.775,4119.19
39,4.763,5.467,4377.3
40,6.976,8.198,4477.63
41,7.115,8.954,4390.35
42,6.815,7.66,4499.45
43,5.002,6.485,4303.95
44,6.348,7.817,4449.33
45,6.175,6.444,4457.85
46,6.328,8.684,4261.95
47,7.307,3.703,4827.96
48,6.335,6.396,4235.2
49,7.018,3.417,4815.14
50,6.101,4.309,4305.11
51,6.434,9.455,4117.73
52,6.947,8.611,4424.52
53,3.814,5.705,4207.15
54,5.52,4.295,4424.41
55,5.294,3.0,4526.42
56,5.042,6.022,4428.81
57,5.587,11.357,3960.93
58,8.242,7.783,4815.6
59,4.701,5.993,4279.37
60,7.452,7.837,4559.53
61,3.476,4.19,4372.24
62,5.498,6.465,4369.48
63,6.244,7.179,4332.8
64,6.879,6.845,4517.93
65,7.067,8.423,4432.81
66,7.19,7.62,4407.32
67,5.477,8.203,4211.89
68,5.306,5.761,4334.27
69,7.287,8.616,4529.21
70,5.713,9.932,4141.63
71,4.086,5.254,4241.11
72,4.3,5.402,4274.93
73,4.621,9.404,4046.67
74,6.746,6.656,4582.37
75,6.214,9.527,4167.05
76,7.036,6.203,4529.32
77,5.359,9.619,4207.82
78,6.238,7.237,4391.83
79,6.938,7.465,4395.28
80,5.536,9.816,4169.58
81,6.685,6.349,4593.27
82,5.007,5.306,4281.49
83,5.455,6.193,4416.9
84,5.427,7.814,4332.22
85,4.206,4.182,4406.59
86,6.73,8.147,4483.93
87,5.296,6.03,4283.51
88,6.019,9.066,4294.21
89,6.721,3.0,4799.04
90,6.67,5.584,4585.12
91,6.998,3.964,4859.83
92,5.852,5.513,4632.19
93,5.365,7.446,4444.89
94,5.88,6.677,4538.29
95,3.469,6.544,4100.27
96,3.829,6.713,4175.44
97,4.016,7.366,4186.27
98,4.504,5.185,4368.83
99,6.6,8.272,4432.58
100,4.642,8.193,4219.94
101,5.433,7.693,4300.16
102,7.949,8.002,4577.95
103,5.466,7.534,4291.29
104,7.106,10.663,4369.62
105,4.6,6.843,4256.93
106,5.692,6.447,4467.18
107,4.575,5.644,4398.13
108,5.491,5.142,4483.38
109,7.26,4.76,4849.53
110,3.409,5.4,4233.94
111,6.652,6.873,4452.2
112,6.357,7.602,4567.22
113,5.109,7.092,4279.68
114,3.831,5.622,4121.77
115,6.108,8.62,4264.72
116,5.206,8.331,4163.17
117,6.349,6.713,4529.9
118,6.033,5.825,4527.87
119,8.403,7.987,4693.74
120,5.641,7.338,4431.92
121,4.465,4.393,4467.4
122,6.269,6.878,4532.99
123,6.33,7.472,4505.54
124,8.039,5.381,4918.97
125,7.253,7.342,4449.55
126,6.535,4.381,4708.98
127,8.195,9.405,4423.45
128,4.217,9.246,4053.31
129,5.04,6.545,4369.18
130,4.61,7.654,4309.29
131,5.415,3.0,4783.41
132,3.935,4.919,4356.29
133,6.953,6.471,4608.43
134,5.667,5.07,4611.89
135,3.794,8.286,4030.32
136,4.477,10.595,3995.18
137,6.47,4.882,4781.36
138,7.257,5.493,4725.95
139,8.995,7.424,4932.47
140,9.5,9.9,4808.59
141,6.622,4.8,4661.42
142,4.516,7.448,4320.3
143,2.802,10.278,3847.74
144,6.402,4.027,4774.99
145,4.781,4.694,4431.49
146,5.377,6.238,4392.83
147,5.082,6.063,4391.0
148,5.789,8.463,4395.85
149,7.599,7.435,4610.14
150,6.236,3.805,4801.89
151,5.762,7.928,4295.99
152,4.447,5.96,4341.89
153,3.488,9.294,3983.46
154,5.271,5.87,4674.02
155,5.919,5.854,4467.71
156,8.652,7.974,4915.77
157,6.195,8.373,4439.51
158,7.474,7.807,4682.7
159,5.251,3.966,4637.78
160,4.223,7.968,4220.38
161,4.552,5.138,4433.11
162,4.912,7.423,4439.29
163,9.193,4.437,5114.01
164,4.768,7.803,4367.79
165,7.258,5.548,4747.48
166,4.646,4.691,4493.02
167,7.397,8.285,4530.66
168,6.577,7.435,4600.48
169,5.765,5.895,4681.04
170,5.939,9.612,4308.47
171,5.018,6.207,4426.75
172,6.669,7.058,4523.39
173,5.318,7.484,4372.78
174,4.162,5.885,4225.25
175,4.083,7.848,4121.49
176,6.259,6.04,4652.23
177,8.369,6.259,5017.95
178,6.24,9.453,4598.39
179,5.822,5.127,4599.4
180,6.429,3.0,5003.5
181,7.959,9.9,4608.09
182,6.329,11.589,4223.46
183,5.384,6.271,4536.92
184,7.659,3.514,5034.45
185,6.643,6.441,4677.61
186,8.304,6.485,4867.35
187,6.275,6.658,4493.95
188,4.163,4.996,4312.8
189,3.948,8.043,4227.44
190,8.476,7.944,4797.2
191,8.585,4.31,5061.2
192,5.731,8.259,4413.98
193,5.425,10.695,4251.31
194,8.192,7.31,4845.62
195,4.339,6.393,4310.65
196,4.658,6.744,4477.58
197,6.965,8.107,4727.2
198,5.408,3.885,4742.13
199,5.992,7.296,4606.84
200,5.755,6.297,4670.72
201,6.506,10.326,4466.2
202,8.111,6.686,4924.61
203,6.136,10.002,4399.35
204,6.966,5.013,4884.76
205,2.925,8.057,3965.19
206,5.927,7.575,4563.76
207,4.735,5.436,4397.39
208,4.172,7.319,4222.43
209,4.683,9.183,4319.85
210,5.499,6.417,4606.39
211,7.374,3.954,5105.52
212,4.01,6.968,4271.94
213,6.046,5.376,4608.56
214,5.274,6.384,4497.5
215,5.508,6.853,4523.2
216,7.504,3.93,5021.23
217,6.807,4.092,4995.36
218,8.006,7.868,4764.06
219,5.768,6.059,4643.51
220,4.956,3.0,4655.38
221,5.664,8.413,4462.53
222,6.364,7.49,4595.8
223,6.265,5.715,4657.29
224,4.373,4.63,4515.37
225,6.136,8.504,4476.74
226,6.342,7.629,4565.79
227,9.5,11.289,4894.56
228,8.815,7.756,4918.3
229,4.72,7.698,4339.17
230,5.569,6.7,4388.81
231,3.805,8.47,4104.54
232,5.114,8.125,4364.35
233,6.473,9.253,4438.15
234,7.809,6.062,5027.69
235,4.906,6.216,4489.75
236,5.019,6.138,4626.48
237,2.779,8.423,4046.55
238,5.756,9.697,4367.08
239,4.406,6.174,4433.68
240,5.206,6.235,4549.46
241,4.685,7.565,4512.36
242,5.859,6.558,4437.0
243,3.363,8.714,3952.09
244,3.799,3.0,4557.15
245,9.194,5.512,5168.89
246,4.069,5.592,4499.55
247,4.355,3.0,4718.15
248,8.755,5.265,5098.33
249,9.5,5.353,5307.21
250,4.243,6.638,4476.85
251,5.448,9.003,4403.04
252,6.512,6.559,4797.65
253,8.593,5.145,5142.15
254,4.52,6.897,4376.25
255,5.632,8.889,4482.54
256,7.166,5.243,4925.86
257,6.652,5.361,4837.73
258,5.436,8.005,4585.63
259,5.799,6.601,4435.54
260,3.938,8.165,4139.76
261,5.643,6.975,4487.0
262,5.6,8.263,4450.27
263,6.348,5.137,4799.14
264,5.167,6.978,4398.69
265,6.707,6.621,4683.26
266,7.519,4.811,4943.55
267,6.233,4.186,5071.69
268,6.528,8.234,4759.09
269,6.08,6.368,4664.07
270,6.0,5.16,4748.53
271,4.918,6.827,4411.6
272,6.475,9.03,4406.05
273,5.854,3.0,4913.01
274,9.14,4.306,5207.21
275,8.36,5.339,5093.34
276,6.579,9.63,4404.56
277,4.855,7.509,4389.29
278,4.331,8.381,4323.05
279,7.787,4.948,5082.56
280,6.394,4.985,4890.03
281,6.72,7.806,4589.09
282,3.383,7.105,4346.15
283,7.391,7.988,4712.57
284,6.682,6.662,4826.16
285,4.334,7.501,4385.43
286,5.293,7.285,4429.97
287,6.396,8.4,4585.0
288,6.079,8.453,4591.3
289,5.562,4.084,4867.16
290,5.845,3.0,4930.22
291,5.622,8.803,4596.09
292,6.229,9.138,4616.05
293,8.207,5.163,5093.28
294,2.15,3.652,4438.66
295,5.645,7.178,4757.44
296,6.265,8.676,4735.24
297,6.444,10.236,4394.65
298,5.442,7.929,4452.19
299,3.365,6.331,4471.44
300,6.492,5.392,4781.52
301,8.591,7.021,4933.75
302,3.699,6.461,4357.59
303,7.296,5.173,5029.97
304,5.507,10.688,4326.2
305,5.908,10.213,4376.14
306,4.421,9.045,4254.89
307,5.498,5.342,4681.66
308,7.95,8.539,4773.26
309,6.874,8.151,4900.61
310,8.598,7.797,5014.36
311,7.766,9.249,4836.24
312,6.659,8.144,4657.51
313,8.616,8.332,4942.35
314,6.658,8.146,4642.09
315,7.242,7.613,4613.06
316,5.555,3.789,4764.72
317,6.1,7.151,4556.19
318,4.954,5.999,4448.92
319,7.484,4.696,4984.71
320,4.233,10.027,4328.34
321,7.174,10.112,4627.6
322,5.714,9.447,4579.01
323,7.757,7.459,4946.32
324,7.126,9.431,4740.48
325,8.731,7.022,5015.11
326,7.096,7.365,4873.35
327,3.642,5.032,4582.0
328,5.9,7.715,4595.76
329,4.242,7.109,4499.38
330,5.223,4.655,4822.39
331,8.267,6.908,4993.4
332,6.956,6.856,4770.06
333,4.952,10.236,4232.36
334,4.479,8.61,4388.98
335,6.049,7.021,4747.97
336,4.175,7.448,4367.03
337,4.993,7.08,4574.58
338,6.468,6.635,4858.23
339,7.733,5.052,5158.99
340,6.913,6.728,4992.85
341,2.563,5.657,4443.83
342,6.457,4.749,4879.64
343,6.108,7.92,4804.65
344,6.621,7.704,4720.28
345,8.424,3.784,5391.49
346,2.905,6.779,4318.81
347,5.113,8.792,4440.55
348,6.886,8.907,4572.03
349,3.628,8.847,4249.73
350,8.214,7.07,4917.49
351,6.553,5.479,5003.44
352,7.27,5.049,5180.35
353,5.144,7.62,4509.73
354,7.221,7.683,4883.15
355,7.603,9.317,4734.74
356,6.349,8.98,4593.35
357,6.352,6.762,4871.17
358,6.406,4.76,4966.32
359,4.705,6.426,4743.91
360,5.779,7.391,4648.9
361,5.771,6.636,4821.77
362,6.575,5.96,4915.56
363,7.5,7.455,4988.79
364,4.412,6.093,4562.5
365,5.812,5.869,4807.65
366,8.222,7.561,5014.21
367,4.885,6.276,4588.0
368,4.767,7.439,4602.86
369,6.303,7.492,4814.36
370,7.267,4.949,5136.66
371,6.017,6.134,4948.02
372,7.993,9.588,4959.96
373,7.285,4.908,5070.02
374,7.263,3.19,5255.57
375,6.831,3.649,5083.84
376,9.491,7.052,5252.91
377,5.692,7.056,4673.14
378,2.995,6.788,4490.7
379,8.406,9.186,4971.28
380,5.313,3.0,4957.8
381,6.162,7.713,4834.94
382,7.964,9.811,4667.51
383,3.597,4.97,4432.54
384,4.123,6.316,4626.6
385,3.598,5.645,4547.11
386,4.809,5.39,4751.79
387,6.659,6.413,4811.82
388,6.786,9.569,4696.15
389,6.414,10.307,4748.78
390,3.881,6.395,4596.26
391,2.535,10.429,4055.19
392,6.082,7.064,4757.6
393,5.292,10.157,4419.86
394,6.689,6.832,4730.01
395,7.053,7.236,4938.91
396,6.207,7.658,4836.15
397,7.14,12.722,4398.41
398,6.344,8.532,4673.98
399,6.795,5.727,4909.89
400,4.943,8.744,4440.55
401,5.731,6.349,4811.52
402,6.295,6.118,4741.49
403,7.231,8.635,4896.39
404,5.409,7.056,4772.0
405,6.782,7.501,4853.16
406,5.601,7.025,4550.08
407,5.824,7.606,4655.19
408,7.244,7.765,5018.05
409,3.01,3.513,4431.04
410,4.055,8.2,4417.52
411,3.777,5.232,4537.04
412,2.5,4.404,4577.1
413,4.983,6.895,4623.14
414,7.124,7.151,4989.5
415,5.573,5.752,4891.11
416,6.297,8.496,4887.45
417,7.634,4.584,5209.43
418,7.992,6.268,5179.82
419,5.896,5.947,4765.86
420,8.03,6.916,5202.83
421,6.138,7.502,4742.3
422,4.744,5.186,4737.67
423,5.108,8.304,4598.25
424,3.779,7.113,4381.9
425,4.668,3.594,4911.83
426,5.463,3.475,5091.24
427,7.205,6.978,5020.77
428,8.581,6.602,5095.27
429,3.927,6.814,4543.8
430,6.589,6.95,4975.42
431,4.439,7.406,4436.06
432,6.712,8.706,4720.93
433,5.803,5.0,5025.76
434,3.254,4.89,4630.69
435,7.392,5.032,5211.83
436,5.092,7.52,4817.87
437,5.199,9.241,4595.93
438,4.395,6.224,4725.74
439,5.019,3.0,5216.83
440,6.642,3.933,5146.14
441,5.716,5.501,4854.39
442,6.493,5.996,5023.24
443,6.543,6.265,5012.14
444,7.981,7.069,5078.65
445,5.486,6.439,4738.19
446,3.785,8.889,4579.42
447,7.601,5.783,5192.39
448,5.503,5.448,4842.01
449,7.672,7.862,5095.0
450,6.575,4.236,5134.27
