Temperatura,Hora,Dia_Semana,Consumo_Energia
0.52,4,6,10.97
6.62,21,5,37.06
13.26,20,1,44.73
38.61,15,5,62.94
2.3,9,4,10.57
33.58,1,1,59.44
2.34,18,7,18.04
10.21,15,6,39.09
25.5,20,6,50.48
22.74,19,6,43.26
37.97,12,6,55.38
13.51,15,5,45.22
37.28,9,5,63.87
36.7,9,2,70.48
27.2,2,6,36.33
-4.12,18,1,32.09
30.88,21,1,64.86
35.53,24,6,72.99
18.57,18,5,45.07
3.87,12,1,34.5
3.14,9,3,16.58
33.04,2,5,49.63
-1.07,5,6,6.89
19.58,20,5,50.08
4.15,3,6,13.54
8.56,16,1,42.61
38.97,21,4,82.96
7.45,16,4,31.05
25.76,22,6,57.98
29.53,8,4,55.09
7.97,7,1,32.1
1.6,13,4,21.91
29.75,20,7,63.28
15.41,16,2,47.83
7.95,7,7,24.63
4.52,22,1,36.02
39.26,5,2,68.52
24.08,8,5,42.73
18.54,12,2,37.8
0.14,4,5,7.32
36.06,20,1,79.18
9.98,3,3,23.39
30.58,17,7,53.95
35.74,2,1,65.17
4.26,6,7,21.03
39.01,5,7,62.53
35.24,21,6,73.71
20.48,11,2,41.75
27.59,9,2,58.63
7.48,6,2,35.35
27.57,2,2,56.2
14.4,20,4,45.92
9.65,6,3,34.21
26.36,5,7,41.5
12.24,2,3,26.38
26.7,9,2,57.13
33.32,3,3,58.56
7.19,22,3,36.41
4.29,2,7,10.39
9.42,20,4,44.42
14.07,10,3,35.19
27.78,9,5,52.18
14.69,23,4,50.21
26.21,18,7,59.18
39.79,14,7,67.94
5.52,6,1,27.63
29.13,8,3,61.5
16.46,23,5,46.9
13.82,15,7,32.23
22.07,24,7,47.23
0.32,9,7,16.21
9.19,11,6,25.06
7.33,24,1,41.95
22.47,1,3,31.47
5.12,1,4,14.1
-2.87,22,1,24.78
-3.17,9,1,15.95
29.85,1,2,49.92
25.77,24,7,59.17
33.23,4,2,66.88
25.47,3,3,40.66
-2.65,21,3,25.38
26.55,23,1,65.93
19.61,22,7,47.77
38.28,18,7,70.76
5.34,21,1,43.85
-1.5,16,6,18.61
32.48,7,6,55.24
14.02,24,1,56.79
16.15,24,2,55.42
27.26,7,4,48.52
3.23,18,3,30.88
15.3,21,2,51.59
31.1,7,3,49.43
21.73,7,3,48.99
35.64,3,1,63.74
33.94,17,6,68.81
7.31,5,4,24.19
30.81,18,1,64.04
23.63,2,7,33.56
0.45,8,6,13.63
6.86,21,7,26.1
28.92,7,5,57.29
33.07,20,5,62.6
1.98,5,6,21.11
26.68,22,6,61.84
9.67,18,7,35.91
3.26,24,5,27.54
-0.56,24,2,31.8
-0.56,16,3,22.64
15.83,24,1,63.01
0.23,1,2,23.43
22.27,23,4,67.84
32.13,6,7,39.71
14.01,4,7,26.63
22.89,4,1,41.34
32.63,16,6,62.65
32.08,15,3,64.07
9.11,10,5,20.57
20.46,12,1,45.79
16.38,9,6,38.75
0.39,23,3,31.54
3.99,8,6,15.52
-1.2,10,5,15.77
5.0,1,3,13.17
38.1,2,1,68.54
35.81,16,2,71.77
32.05,1,1,61.92
33.09,14,6,52.09
36.38,20,2,79.52
3.47,18,2,31.22
21.12,16,7,39.73
11.94,16,7,29.71
3.66,5,1,23.72
1.16,17,5,27.5
34.08,22,2,74.54
23.72,9,4,47.38
26.87,14,7,49.73
35.1,8,4,59.66
3.49,15,7,31.89
39.68,19,6,78.34
17.11,23,4,59.91
10.48,10,2,33.25
37.18,2,3,63.06
6.73,17,6,29.6
33.67,21,3,78.72
2.29,6,6,15.82
22.02,24,1,72.24
22.92,13,5,50.14
9.96,7,4,26.75
22.5,19,4,50.9
37.31,13,2,69.83
11.8,5,1,37.66
0.37,11,1,22.03
15.6,3,6,29.45
-0.39,2,1,19.14
24.62,23,2,71.27
28.28,13,6,49.22
-3.41,24,6,21.83
32.39,22,7,60.2
25.85,21,4,62.41
15.07,4,3,33.58
-4.74,18,7,15.22
3.04,6,6,9.03
15.49,4,1,35.37
31.57,14,7,49.57
-2.95,19,2,28.44
26.37,2,6,39.32
-4.22,2,2,5.21
18.93,6,1,45.09
7.8,10,6,28.09
30.07,11,2,58.44
1.95,23,5,30.62
33.25,19,5,68.89
29.09,4,1,53.54
38.91,7,3,62.69
19.61,21,6,46.54
4.92,4,4,22.32
28.43,22,2,69.61
19.11,2,7,25.0
-4.02,19,6,14.92
3.14,21,1,39.66
5.79,1,6,13.88
26.11,19,7,50.99
35.19,10,4,57.65
2.51,6,4,18.06
15.31,16,6,47.69
23.4,10,7,42.33
32.8,5,2,54.75
34.43,11,4,58.92
16.08,19,5,49.66
2.77,19,4,19.61
3.8,5,7,10.63
23.85,9,6,43.87
17.66,8,6,32.29
-2.24,6,6,17.53
37.86,8,6,62.56
24.7,23,2,65.05
31.54,23,4,75.03
11.83,13,6,32.0
16.67,22,6,38.42
10.56,12,3,35.63
3.64,4,5,12.73
36.25,19,6,66.6
34.11,22,1,83.3
20.31,11,2,43.67
10.37,5,5,24.88
8.13,17,5,32.64
0.89,11,2,24.07
26.62,5,4,57.45
-2.99,21,1,23.93
22.23,8,2,47.43
28.83,5,7,50.86
-4.75,12,4,13.26
23.14,7,4,41.33
23.31,16,1,55.64
-1.07,14,1,29.94
27.6,17,3,55.1
4.42,13,4,34.09
15.03,2,5,36.9
7.0,10,4,27.06
-0.16,3,2,16.03
30.43,16,6,61.51
25.31,23,7,55.77
30.77,12,5,59.43
15.27,21,6,34.06
7.43,2,4,11.96
26.03,3,1,45.41
11.11,10,6,25.29
25.91,7,4,50.83
1.08,5,5,13.7
10.73,5,6,27.49
32.93,20,4,69.26
6.78,15,1,35.61
4.18,7,6,19.17
12.4,7,2,30.15
12.82,24,1,47.24
0.75,14,3,20.67
15.79,5,4,26.74
6.39,3,3,18.51
39.6,4,2,65.52
14.86,1,1,28.4
6.59,7,3,20.7
-2.71,6,3,8.94
31.42,17,1,74.59
15.07,12,4,45.08
5.51,24,7,28.44
5.36,16,3,36.42
27.36,6,7,44.19
20.45,19,2,50.32
14.27,10,2,37.88
0.69,9,2,17.09
-0.69,12,6,11.37
11.49,10,6,22.36
-0.39,19,1,30.23
-4.68,15,6,5.0
30.69,4,4,48.51
2.61,23,6,31.51
30.21,19,2,75.97
9.22,1,2,23.54
16.3,19,4,46.76
30.89,8,4,58.85
22.14,20,1,58.75
15.84,18,5,49.36
7.68,6,1,17.33
-2.41,22,4,26.15
28.22,24,4,62.1
31.89,22,4,69.82
7.28,21,7,37.54
7.87,9,3,27.91
32.11,19,4,64.58
-4.37,1,1,8.22
-3.21,6,1,11.67
32.91,1,7,47.06
12.11,12,5,30.82
11.82,4,5,21.5
10.13,8,1,26.32
7.65,1,3,22.87
25.76,19,4,56.7
0.4,1,1,7.71
34.27,7,5,51.07
39.71,5,6,60.82
31.17,20,6,58.71
4.77,11,3,26.1
28.96,11,7,55.45
32.99,14,3,79.61
0.14,9,5,15.9
22.54,22,5,62.52
1.16,18,3,19.57
24.29,12,3,48.54
2.67,14,7,19.76
-0.09,17,5,23.29
11.2,18,7,26.27
9.44,20,7,37.98
22.03,8,7,41.3
18.59,8,2,43.91
31.12,4,4,53.93
9.23,18,7,28.68
-1.91,16,1,29.05
27.39,17,5,57.9
8.82,20,2,38.71
15.89,3,3,35.17
1.08,20,3,23.72
1.22,20,7,20.51
13.55,22,4,43.08
33.7,10,5,59.96
-1.11,1,2,8.68
16.59,6,1,40.41
0.24,4,7,5.0
9.35,4,7,12.96
33.12,1,6,50.59
33.15,23,7,66.56
6.56,12,2,26.74
34.81,7,6,57.36
21.48,3,2,43.13
19.76,19,6,52.1
38.78,14,6,69.66
23.29,20,3,54.28
13.71,23,4,46.73
16.52,23,1,59.85
38.98,21,7,75.47
15.43,15,5,37.0
6.18,22,6,38.19
16.96,5,5,29.59
4.64,22,4,32.9
19.15,3,2,30.29
33.67,18,3,69.91
-2.71,2,4,7.7
3.62,10,2,23.86
28.51,18,4,61.16
3.25,6,5,12.6
4.25,20,6,30.67
21.52,5,3,39.55
17.26,19,4,50.18
-3.58,15,7,13.99
0.63,4,6,9.62
29.7,10,6,53.98
14.96,11,4,38.81
7.04,1,1,22.26
6.92,1,6,7.82
25.53,4,6,49.43
25.35,8,1,63.85
26.81,20,3,64.09
24.29,11,7,41.58
16.55,10,6,36.89
13.32,9,2,30.81
7.17,22,1,45.05
5.02,21,1,46.41
35.84,3,7,55.38
-3.34,24,5,26.81
25.76,16,3,48.97
5.19,10,4,22.82
15.73,17,6,35.16
37.54,9,3,75.04
38.14,15,1,76.13
6.15,21,5,32.56
-2.88,15,6,17.85
38.69,1,1,69.76
25.11,12,4,55.23
32.36,19,3,66.16
32.34,12,2,66.61
15.16,3,7,29.04
22.17,22,1,60.9
4.98,6,6,20.93
5.93,22,3,34.6
18.51,21,4,54.6
34.3,4,4,62.53
12.75,5,4,32.17
8.93,2,5,16.7
16.64,11,7,38.06
0.18,7,4,19.69
18.74,10,7,41.09
27.07,6,4,45.38
16.35,5,3,36.36
30.61,21,5,66.66
4.17,11,5,37.48
28.21,22,2,72.26
32.1,16,5,62.76
27.49,11,2,63.73
28.94,17,1,66.05
32.56,20,2,72.88
-2.86,1,7,9.49
15.9,2,5,36.41
21.0,8,2,48.65
11.59,13,4,32.65
14.74,18,2,33.79
37.22,19,2,78.68
-3.7,8,2,10.49
39.68,14,1,83.49
34.7,19,6,73.87
2.11,24,3,29.27
15.95,9,1,36.77
32.02,5,2,56.6
10.33,18,1,44.24
20.42,11,4,50.18
12.34,5,3,25.09
36.47,18,7,57.82
12.95,24,4,45.95
15.23,4,4,29.86
14.47,13,3,40.36
18.82,22,5,58.31
36.73,22,1,78.61
21.77,6,7,42.56
-4.17,4,1,10.65
20.97,16,6,49.51
-2.68,19,1,31.31
5.57,13,4,27.14
37.29,10,1,63.23
-4.57,23,7,13.76
39.25,9,3,68.47
1.01,16,7,12.14
7.34,18,1,32.53
11.55,14,5,31.97
32.11,14,1,62.75
36.07,14,7,66.73
29.73,23,3,72.85
7.32,24,5,25.64
33.84,2,4,57.08
15.02,14,7,32.18
-2.03,1,7,5.0
17.39,17,5,51.54
-2.88,5,5,8.32
13.58,11,1,39.54
19.55,18,5,44.4
2.79,2,2,17.87
-2.5,11,6,14.81
35.77,18,7,70.59
24.86,18,1,59.62
13.88,8,5,41.89
28.99,23,4,66.66
10.31,8,7,33.4
29.37,12,3,59.88
21.53,9,6,49.99
8.41,18,2,47.2
28.88,8,6,46.57
13.13,3,1,32.75
23.44,9,4,46.68
21.45,20,5,56.84
18.67,23,7,44.88
30.15,5,4,47.06
1.25,6,2,34.03
-3.14,23,3,30.93
-2.75,17,1,31.4
15.91,22,7,45.84
1.94,19,1,35.32
27.93,19,4,66.35
11.06,2,1,31.69
14.62,6,4,32.58
1.35,11,6,16.24
15.24,22,7,50.99
