Edad,IMC,Actividad_Fisica,Nivel_Glucosa
55.2,18.58,11.54,79.69
20.5,35.71,1.63,126.37
19.1,36.9,7.28,113.89
65.8,28.43,2.42,141.79
51.5,23.01,7.22,103.73
30.8,22.57,10.16,81.63
60.9,33.56,0.28,158.94
33.0,17.2,9.79,74.6
41.9,31.48,6.5,106.33
43.7,27.31,5.61,127.68
72.5,38.29,0.57,163.91
68.8,34.35,3.94,142.92
33.9,25.71,9.31,94.55
33.9,32.0,1.36,130.63
42.1,19.84,0.45,118.76
18.2,18.47,1.05,97.2
35.6,34.43,5.72,125.22
72.2,31.04,7.46,125.61
65.8,24.67,0.74,123.08
48.5,32.91,9.06,117.17
45.7,37.26,9.13,116.02
71.9,21.6,1.56,122.08
51.8,28.38,10.45,104.72
71.7,19.43,6.19,112.18
74.9,23.79,0.23,143.19
19.9,23.26,4.85,100.28
24.8,29.68,7.93,98.55
61.4,35.93,6.28,128.21
25.2,18.51,7.93,82.75
37.5,24.23,0.61,122.92
35.1,19.3,10.28,72.27
49.4,18.87,8.79,99.95
20.9,26.42,9.06,83.27
43.7,22.84,10.24,95.04
49.7,36.82,4.59,141.29
24.8,28.13,5.76,98.18
37.5,23.84,0.08,118.0
46.8,28.69,2.09,131.77
35.3,24.09,7.66,101.27
41.8,35.42,6.88,119.47
41.6,17.82,4.15,94.96
23.3,31.2,5.16,103.7
51.5,17.49,9.23,93.91
22.2,26.6,8.9,94.05
51.1,28.94,6.35,117.11
22.7,19.62,7.23,74.68
48.7,35.27,10.81,113.26
66.5,27.23,0.3,142.28
34.5,34.93,8.83,114.59
22.7,23.45,9.89,70.63
36.3,27.99,11.12,96.29
42.2,20.28,4.31,101.39
52.9,32.31,5.12,134.31
26.6,20.55,7.45,87.79
18.2,30.08,5.55,98.87
66.1,32.03,11.4,115.67
43.9,26.67,3.12,117.18
50.7,36.03,0.23,151.57
63.7,39.79,7.96,135.67
61.5,34.57,11.25,116.0
67.1,20.68,11.85,90.62
36.4,20.4,0.41,102.71
29.0,22.53,0.13,115.78
18.7,25.34,4.52,109.0
40.6,32.55,6.46,116.2
52.6,38.16,4.47,144.36
50.3,31.47,0.41,138.92
68.1,39.9,8.07,129.08
65.2,34.76,4.96,135.74
46.3,26.76,8.03,114.24
25.0,17.52,0.54,112.05
46.5,37.69,7.81,127.15
70.4,33.73,8.32,126.68
68.2,21.31,10.44,103.86
56.4,21.24,10.58,87.51
55.6,26.32,2.09,130.4
65.3,23.96,3.96,123.79
57.2,27.64,10.64,100.72
53.6,34.38,7.39,129.32
40.9,25.58,1.29,121.64
40.8,23.49,5.2,114.78
45.7,19.93,8.36,97.31
68.3,29.22,5.57,130.65
54.6,23.45,9.75,91.4
65.1,19.96,5.58,105.56
46.7,23.15,8.45,103.29
48.6,21.28,9.13,97.21
57.8,32.81,4.69,128.08
57.6,27.77,3.08,129.87
30.5,22.17,4.1,96.64
70.8,39.25,5.25,145.6
30.8,36.16,11.98,93.12
55.5,29.44,8.68,112.95
38.7,35.03,10.11,110.16
34.0,36.37,1.25,136.68
74.6,22.12,11.67,93.99
56.7,35.16,1.67,149.18
34.2,30.48,1.61,123.43
59.4,18.88,6.14,107.58
60.9,18.76,6.27,105.21
38.7,34.36,1.3,134.94
71.2,24.07,8.77,116.66
73.3,36.77,6.6,140.0
33.1,32.89,4.06,118.96
59.6,38.16,10.42,127.26
29.5,29.57,9.28,101.64
30.4,38.86,11.11,109.02
62.0,17.33,2.28,115.36
71.9,32.83,10.95,123.28
46.3,25.23,5.15,110.14
35.9,28.11,3.15,119.44
34.1,29.64,1.78,125.53
43.9,31.95,0.58,128.98
54.5,20.6,9.68,100.14
70.4,28.45,10.69,121.34
60.6,33.22,4.9,136.58
68.1,20.91,10.65,103.68
61.3,18.4,7.63,100.01
42.5,35.98,8.03,125.34
72.3,24.43,5.15,130.15
52.6,22.53,9.23,95.04
43.8,23.35,2.73,117.33
56.7,38.43,7.5,142.67
60.9,31.66,0.07,154.38
50.6,38.42,4.36,150.19
45.6,35.34,2.04,148.59
70.1,37.02,10.92,132.31
47.0,19.03,10.34,79.04
48.7,19.58,6.24,102.47
71.4,37.72,6.49,150.27
72.8,33.48,11.97,125.14
55.2,34.86,0.07,148.41
42.4,29.17,5.23,121.25
26.2,23.32,10.72,76.67
23.7,27.19,10.79,89.27
35.3,39.05,3.25,148.78
18.6,36.41,8.58,102.02
66.3,25.21,7.7,112.78
30.8,28.73,7.15,104.18
27.1,31.39,5.32,119.65
46.0,28.83,2.71,144.24
54.4,25.57,8.6,108.8
20.3,30.06,6.44,103.43
25.3,30.44,0.22,125.34
72.7,26.83,8.02,110.49
52.8,19.35,2.14,114.08
71.2,32.24,4.6,141.62
30.0,36.52,1.94,142.18
63.6,20.98,9.62,88.04
26.3,31.53,3.25,118.64
53.4,25.99,3.4,124.12
63.8,28.31,1.87,131.32
27.6,31.67,5.76,118.64
23.2,22.07,2.4,102.97
54.8,24.64,7.74,110.48
45.3,29.81,5.56,117.99
48.7,34.09,6.92,122.62
57.6,23.48,11.59,85.49
66.3,26.9,8.34,119.66
54.3,22.66,6.66,112.21
65.4,24.26,9.94,108.52
73.5,25.4,0.97,136.24
74.4,27.74,3.43,134.14
40.4,17.94,11.62,67.34
31.8,25.21,3.21,108.87
67.2,34.91,3.73,153.91
36.8,24.09,1.72,119.06
64.0,36.35,1.95,149.25
29.5,24.41,1.32,105.44
28.0,33.67,10.49,102.18
42.7,36.15,7.4,125.98
40.3,34.89,11.6,105.1
22.6,39.22,4.7,125.03
72.6,33.42,10.99,120.39
36.5,37.36,5.48,127.26
24.6,21.58,2.71,95.6
32.1,39.95,9.16,120.49
22.2,37.32,6.58,119.28
50.0,20.2,11.48,85.51
63.3,28.45,5.67,126.35
56.2,32.08,1.58,148.78
40.8,33.04,0.97,135.59
62.7,18.44,1.39,120.18
41.9,29.98,7.56,120.32
18.4,26.54,8.52,80.66
41.2,18.13,10.75,66.83
24.6,26.67,8.0,96.32
26.4,35.08,6.44,114.36
26.1,36.18,9.95,116.49
35.1,39.68,3.52,143.59
36.8,24.09,8.27,98.61
51.1,17.84,0.89,118.52
71.2,32.57,5.1,134.23
51.5,31.0,9.53,112.27
66.1,20.42,0.36,140.01
73.8,32.05,9.43,119.56
48.0,29.71,8.96,108.96
23.8,27.24,11.29,78.14
20.8,24.21,10.88,80.85
66.1,31.33,0.87,152.99
54.1,24.78,6.08,107.36
46.1,19.31,2.39,109.34
59.6,35.86,10.19,130.55
18.2,18.52,11.68,63.24
66.7,37.73,3.96,145.09
59.1,23.07,4.1,120.63
48.8,34.16,8.9,128.75
56.8,31.6,4.05,125.93
51.8,18.37,0.51,114.38
43.4,26.08,1.53,121.95
46.4,31.37,6.66,121.52
18.4,36.1,4.13,122.04
55.3,21.58,5.1,113.22
74.0,37.97,10.63,143.79
42.8,25.34,0.7,124.17
25.2,34.44,2.43,122.01
54.3,19.42,8.96,93.55
43.2,26.1,8.98,107.73
27.4,36.5,7.91,113.14
44.8,29.04,8.07,112.61
26.3,34.57,1.9,129.82
64.7,17.44,11.44,86.13
45.6,19.85,8.55,88.2
60.9,19.76,0.52,129.23
24.8,33.87,11.79,92.53
22.8,36.89,5.37,119.35
66.4,31.97,7.11,120.44
42.8,22.98,3.97,108.27
62.2,26.74,1.29,134.82
23.6,22.11,2.26,103.46
31.5,35.34,6.74,114.92
69.9,28.01,8.16,113.48
24.6,39.47,9.28,115.6
48.6,26.5,5.14,118.51
33.8,26.16,9.18,90.06
35.2,38.93,4.7,134.32
20.8,33.87,2.04,121.59
56.8,22.39,5.21,110.88
20.7,29.97,10.09,91.54
37.1,21.11,3.29,101.81
48.5,25.49,0.42,123.07
73.4,24.17,8.24,124.94
66.6,18.95,11.82,88.65
45.7,20.89,11.67,83.44
64.4,31.7,11.08,121.96
37.8,32.0,0.25,141.54
19.9,31.25,1.44,115.29
29.8,20.62,8.53,80.41
21.2,33.47,11.47,109.15
36.4,20.75,3.81,102.52
48.3,18.86,2.74,112.94
37.6,33.99,5.52,124.09
48.1,33.69,11.05,108.72
46.9,23.21,10.54,91.32
32.9,32.87,5.89,118.01
66.6,24.14,3.84,126.91
41.3,28.03,6.72,95.4
29.6,18.56,5.88,84.84
49.7,30.84,8.79,108.46
51.5,23.17,5.0,101.26
52.2,27.92,8.02,106.08
59.1,38.95,0.86,146.71
41.8,24.82,0.94,131.56
28.2,38.77,8.05,115.55
71.1,39.85,0.98,163.82
54.9,25.11,3.13,126.71
25.5,38.27,10.99,105.08
29.6,28.71,8.95,100.54
41.2,32.49,9.09,108.26
52.5,33.58,1.72,141.47
74.3,18.63,7.71,104.47
31.6,34.75,6.44,122.29
58.4,24.44,1.2,126.57
71.0,17.72,8.63,86.4
40.0,25.17,10.84,90.24
58.3,17.9,2.44,118.29
27.0,27.94,6.11,99.29
41.9,25.66,11.39,84.41
34.8,38.9,2.02,138.09
39.5,33.16,7.7,102.36
34.4,36.57,11.25,101.56
62.5,39.65,5.0,144.37
50.1,35.73,11.97,115.68
63.4,39.74,11.08,127.16
39.0,18.31,6.42,94.32
36.9,35.22,1.28,130.55
36.5,21.56,1.78,123.45
31.9,30.12,10.2,92.22
58.2,30.71,4.21,126.03
68.5,37.2,0.91,167.25
28.3,24.36,9.56,79.99
20.1,28.54,0.45,120.08
21.3,34.1,1.38,142.04
20.4,32.37,6.83,102.83
45.9,25.39,6.8,96.08
61.8,24.57,8.96,106.97
37.5,27.47,8.45,96.88
41.0,31.35,4.44,117.66
68.9,23.59,1.77,134.53
70.3,26.31,9.28,119.15
22.8,26.12,11.16,83.46
32.4,25.4,11.18,86.93
74.1,23.66,0.61,130.33
63.4,36.32,8.62,128.15
69.8,26.64,4.41,133.97
63.8,26.9,7.82,109.9
41.8,23.75,11.14,89.59
48.0,38.76,6.27,129.71
58.1,36.61,10.81,126.47
58.0,20.52,8.66,92.97
50.0,37.09,8.45,129.77
18.4,27.27,7.87,95.59
73.2,20.77,10.99,99.45
37.7,37.93,0.07,146.33
21.0,34.52,5.65,107.02
54.4,28.75,8.11,105.96
49.5,29.82,2.16,143.08
52.6,19.26,0.74,113.34
62.9,20.3,9.78,86.19
23.8,25.57,10.89,83.06
69.9,34.22,2.4,147.62
60.4,34.7,9.71,123.24
31.8,28.4,10.18,93.39
50.9,32.97,5.66,120.62
70.0,30.29,6.74,118.15
42.4,18.15,0.89,109.25
57.7,34.31,3.12,147.94
59.9,33.51,11.88,111.2
65.1,25.37,3.73,127.91
45.6,22.42,1.8,120.61
53.8,39.5,2.09,149.36
49.3,24.98,0.81,122.35
44.0,32.19,8.57,109.47
29.6,23.12,0.69,117.24
43.1,31.74,6.44,120.69
41.2,17.39,6.89,89.64
30.1,18.71,7.64,75.47
19.8,36.15,9.41,114.23
46.6,38.89,2.59,146.19
51.7,29.29,3.91,124.83
70.6,21.88,8.2,112.38
50.1,27.68,7.14,115.52
40.1,19.72,3.72,101.64
18.1,17.41,1.33,96.99
23.0,37.75,11.86,111.56
32.3,23.52,1.79,114.52
42.6,32.79,2.39,131.55
27.7,35.56,7.14,108.94
67.4,32.23,4.85,131.69
19.4,24.56,7.95,82.29
51.7,24.08,11.64,88.25
57.6,18.9,1.18,111.8
35.7,33.87,6.94,114.87
50.2,36.34,8.54,123.16
61.7,38.08,8.32,128.74
62.7,26.64,3.95,117.87
28.2,37.08,0.75,143.14
59.5,37.13,1.99,155.52
70.0,38.29,8.68,136.4
23.3,38.08,8.08,114.17
37.7,28.71,9.87,99.16
68.1,30.03,2.05,146.45
30.9,29.83,7.05,108.79
28.8,25.7,9.36,88.65
70.0,39.12,7.37,141.52
57.8,18.19,8.47,89.81
39.2,23.71,0.2,123.53
71.7,39.64,2.1,172.37
65.7,17.73,10.22,92.34
50.2,21.49,10.05,95.26
64.5,33.93,6.66,139.47
51.7,23.66,3.28,117.39
50.8,21.68,11.19,78.14
34.9,32.29,7.83,106.68
52.6,24.48,3.62,124.02
19.0,20.65,10.12,71.06
60.1,29.92,3.54,139.38
63.9,37.85,1.43,152.67
28.4,38.68,7.95,121.44
35.2,32.84,7.86,107.4
30.6,21.4,9.19,79.15
19.7,29.45,9.77,94.0
37.4,27.2,7.21,107.41
42.4,24.33,1.45,112.33
63.2,18.03,11.31,91.64
63.7,25.15,4.72,123.1
50.7,20.18,11.8,87.02
31.2,17.52,4.93,93.67
60.6,39.41,2.73,155.55
22.1,39.93,0.05,148.18
61.5,20.31,11.77,87.39
35.5,28.5,3.56,122.22
74.1,33.7,11.93,109.87
34.0,24.22,0.31,117.89
35.3,26.27,3.9,108.44
67.8,34.4,8.05,132.13
33.0,37.34,6.55,130.68
69.1,31.42,1.87,154.12
19.2,32.49,5.13,116.31
73.7,20.23,4.61,119.83
66.0,29.06,0.52,134.82
41.3,24.96,6.22,106.92
65.1,27.83,0.35,143.84
69.5,22.42,1.44,128.52
67.2,27.86,4.52,127.7
29.2,22.28,2.69,113.91
19.8,23.06,9.87,84.29
43.4,33.26,3.04,129.91
73.8,19.43,11.86,99.11
45.0,23.9,10.4,94.46
41.7,25.07,4.35,111.19
39.5,20.36,11.82,73.74
52.6,20.88,8.4,97.3
68.0,28.15,0.11,144.33
65.9,28.05,9.88,102.83
18.8,17.54,9.88,66.76
40.3,23.91,10.5,97.91
20.3,30.43,11.25,81.49
38.0,37.04,3.03,139.51
25.1,29.75,2.03,123.14
25.5,39.05,3.96,127.6
58.0,17.57,6.15,104.15
34.8,27.97,10.36,105.22
35.1,25.84,1.27,121.66
52.6,36.54,11.27,118.11
44.1,37.7,2.19,144.05
30.4,27.79,8.89,101.6
26.3,26.19,11.97,83.32
21.0,31.38,10.71,95.03
72.9,19.24,11.81,90.54
46.2,18.11,6.51,91.67
46.8,37.4,5.66,138.49
47.5,33.46,11.35,120.42
59.2,22.69,9.53,106.97
73.2,30.66,3.61,146.26
32.2,18.12,4.16,89.63
18.4,26.08,9.62,86.95
48.4,30.88,8.68,109.41
58.3,32.99,0.43,155.34
42.6,30.59,10.05,101.89
32.5,20.37,6.35,79.98
48.0,38.39,1.38,163.95
60.4,35.42,2.94,148.38
43.8,20.98,3.22,107.67
73.2,22.5,7.87,115.51
52.1,37.98,11.46,110.21
47.4,20.02,4.5,102.81
23.0,35.46,3.5,118.7
49.2,37.83,1.13,145.29
23.3,30.37,8.15,95.26
